timestamp,k_value,average_path_length,num_connected_pairs,total_pairs,connectivity_percentage,min_path_length,max_path_length,num_ground_stations,num_satellites,average_hops
0,0,10547630.258089826,4950,4950,100.0,1070619.5625,22017055.44016164,100,1584,7.87010101010101
0,25,10601580.511435844,4950,4950,100.0,1070619.5625,22613497.66090323,100,1559,7.94040404040404
0,50,10696938.63454602,4950,4950,100.0,1070619.5625,22613497.66090323,100,1534,8.087474747474747
0,75,10795966.164215209,4950,4950,100.0,1070619.5625,22613497.66090323,100,1509,8.153333333333334
0,100,10925379.2403729,4950,4950,100.0,1070619.5625,23016505.033156373,100,1484,8.282424242424243
0,125,11104652.7875537,4950,4950,100.0,1070619.5625,23016505.033156373,100,1459,8.4989898989899
0,150,11323281.088391151,4950,4950,100.0,1070619.5625,26185223.369780827,100,1434,8.754141414141413
0,175,11601213.73776305,4950,4950,100.0,1070619.5625,26818701.606564008,100,1409,8.997575757575758
0,200,11930334.382927675,4851,4950,98.0,1070619.5625,27421927.068157665,100,1384,9.301793444650588
0,225,12153557.688095134,4560,4950,92.12121212121212,1070619.5625,31924299.520467736,100,1359,9.52390350877193
0,250,12398034.093006454,4560,4950,92.12121212121212,1070619.5625,34246217.51433368,100,1334,9.659429824561403
10000000000,0,10561312.308854353,4950,4950,100.0,1088722.75,21998239.579409238,100,1584,7.905050505050505
10000000000,25,10639940.512255482,4950,4950,100.0,1088722.75,22056476.708342336,100,1559,8.037373737373738
10000000000,50,10686359.448449222,4950,4950,100.0,1088722.75,22522415.42343037,100,1534,8.099595959595959
10000000000,75,10782412.563629745,4950,4950,100.0,1088722.75,22672157.36765743,100,1509,8.142020202020202
10000000000,100,10952475.911209825,4950,4950,100.0,1088722.75,23173600.298169076,100,1484,8.319191919191919
10000000000,125,11171957.209715696,4950,4950,100.0,1088722.75,23700383.14726479,100,1459,8.477777777777778
10000000000,150,11417142.95050673,4950,4950,100.0,1088722.75,24269970.6235401,100,1434,8.792929292929292
10000000000,175,11619572.344087284,4950,4950,100.0,1088722.75,26991753.559752762,100,1409,9.00020202020202
10000000000,200,11978107.654691674,4950,4950,100.0,1105927.0,27797318.06520559,100,1384,9.295151515151515
10000000000,225,12204889.141061565,4851,4950,98.0,1105927.0,30206022.546676945,100,1359,9.595547309833025
10000000000,250,12822543.859390395,4656,4950,94.06060606060606,1105927.0,31134102.75518022,100,1334,10.033505154639176
35000000000,0,10566057.012773667,4950,4950,100.0,1048155.59375,22700401.238510545,100,1584,7.878383838383838
35000000000,25,10654945.768897112,4950,4950,100.0,1048155.59375,22700401.238510545,100,1559,8.041414141414142
35000000000,50,10783306.96733834,4950,4950,100.0,1048155.59375,22763639.097985286,100,1534,8.224242424242425
35000000000,75,10892064.056518363,4950,4950,100.0,1048155.59375,22964834.834725454,100,1509,8.30060606060606
35000000000,100,11112141.542709924,4950,4950,100.0,1048155.59375,23352593.292334408,100,1484,8.527272727272727
35000000000,125,11226346.741350666,4950,4950,100.0,1048155.59375,24525423.80897353,100,1459,8.681616161616162
35000000000,150,11366576.446791366,4950,4950,100.0,1048155.59375,24525423.80897353,100,1434,8.766060606060606
35000000000,175,11573165.655755168,4950,4950,100.0,1048155.59375,25955602.23791966,100,1409,8.99070707070707
35000000000,200,11867690.865491264,4950,4950,100.0,1048155.59375,27028530.54421231,100,1384,9.20141414141414
35000000000,225,12231487.09920595,4950,4950,100.0,1048155.59375,27498239.23978568,100,1359,9.552121212121213
35000000000,250,12600577.603492282,4851,4950,98.0,1048155.59375,28284953.80599832,100,1334,9.823747680890538
30000000000,0,10553291.386634804,4950,4950,100.0,1059171.0625,22624847.99348044,100,1584,7.864646464646465
30000000000,25,10634316.894310558,4950,4950,100.0,1059171.0625,22624847.99348044,100,1559,8.012727272727274
30000000000,50,10740986.410338966,4950,4950,100.0,1059171.0625,22702355.204118144,100,1534,8.18909090909091
30000000000,75,10858885.239272196,4950,4950,100.0,1059171.0625,23004549.074805383,100,1509,8.315959595959596
30000000000,100,11078165.967416996,4950,4950,100.0,1059171.0625,23362944.899893172,100,1484,8.531515151515151
30000000000,125,11229441.319194663,4950,4950,100.0,1059171.0625,24493599.844294272,100,1459,8.596161616161616
30000000000,150,11527966.240094386,4851,4950,98.0,1059171.0625,24493599.844294272,100,1434,8.881467738610596
30000000000,175,11650722.761237033,4851,4950,98.0,1059171.0625,24493599.844294272,100,1409,9.039373325087611
30000000000,200,12039939.897860058,4851,4950,98.0,1059171.0625,26130367.771245707,100,1384,9.365285508142652
30000000000,225,12541990.509895898,4851,4950,98.0,1059171.0625,28272920.01490971,100,1359,9.753246753246753
30000000000,250,12706408.833274513,4851,4950,98.0,1059171.0625,28315607.307927355,100,1334,9.88332302618017
15000000000,0,10571313.299105281,4950,4950,100.0,1078709.25,22068161.21348075,100,1584,7.903838383838384
15000000000,25,10656724.552213203,4950,4950,100.0,1078709.25,22093044.976449125,100,1559,8.052121212121213
15000000000,50,10709086.34110038,4950,4950,100.0,1078709.25,22663112.091046736,100,1534,8.116565656565657
15000000000,75,10845603.013811987,4950,4950,100.0,1078709.25,23047650.749563493,100,1509,8.222020202020202
15000000000,100,11020749.028910695,4950,4950,100.0,1078709.25,23047650.749563493,100,1484,8.414949494949495
15000000000,125,11346092.72746271,4950,4950,100.0,1078709.25,26695424.36345742,100,1459,8.701010101010102
15000000000,150,11517663.350670358,4950,4950,100.0,1078709.25,26695424.36345742,100,1434,8.876565656565656
15000000000,175,11673149.502713252,4950,4950,100.0,1078709.25,27032721.52418944,100,1409,9.061616161616161
15000000000,200,12070339.868693953,4851,4950,98.0,1078709.25,28117043.497864526,100,1384,9.519686662543805
15000000000,225,12382844.075169243,4753,4950,96.02020202020202,1078709.25,30136275.09107556,100,1359,9.770460761624237
15000000000,250,12797980.500411654,4656,4950,94.06060606060606,1078709.25,30570274.593218233,100,1334,9.966709621993127
5000000000,0,10550072.969384387,4950,4950,100.0,1090022.5625,22006694.556475952,100,1584,7.91030303030303
5000000000,25,10613870.688266598,4950,4950,100.0,1090022.5625,22604707.126065366,100,1559,8.003838383838383
5000000000,50,10707740.995648393,4950,4950,100.0,1090022.5625,22604707.126065366,100,1534,8.084646464646465
5000000000,75,10778658.545330653,4950,4950,100.0,1090022.5625,22604707.126065366,100,1509,8.148484848484848
5000000000,100,10927146.672728548,4950,4950,100.0,1090022.5625,23025203.08725854,100,1484,8.255151515151516
5000000000,125,11167524.032030644,4950,4950,100.0,1090022.5625,23746212.222752355,100,1459,8.49050505050505
5000000000,150,11332633.611078052,4950,4950,100.0,1090022.5625,23746212.222752355,100,1434,8.716161616161616
5000000000,175,11632634.958507044,4950,4950,100.0,1090022.5625,24409623.723938715,100,1409,9.026060606060605
5000000000,200,11880035.971187199,4950,4950,100.0,1090022.5625,26928529.991171464,100,1384,9.177979797979798
5000000000,225,12284968.07541525,4851,4950,98.0,1090022.5625,28242576.444016304,100,1359,9.611214182642755
5000000000,250,12842061.60407194,4851,4950,98.0,1090022.5625,30571146.4233176,100,1334,10.13440527726242
20000000000,0,10561129.524483202,4950,4950,100.0,1073014.3125,22079642.452358045,100,1584,7.889292929292929
20000000000,25,10648338.849541474,4950,4950,100.0,1073014.3125,22128135.9435166,100,1559,8.030303030303031
20000000000,50,10695561.226401042,4950,4950,100.0,1073014.3125,22832827.916718923,100,1534,8.093333333333334
20000000000,75,10816522.692871215,4950,4950,100.0,1073014.3125,22832827.916718923,100,1509,8.208080808080808
20000000000,100,10974755.272737266,4950,4950,100.0,1073014.3125,23711698.70093739,100,1484,8.382626262626262
20000000000,125,11252903.092337694,4950,4950,100.0,1073014.3125,25702240.97747996,100,1459,8.61111111111111
20000000000,150,11445359.207217429,4950,4950,100.0,1073014.3125,25970816.50037463,100,1434,8.775555555555556
20000000000,175,11560925.406333704,4950,4950,100.0,1073014.3125,25970816.50037463,100,1409,8.934949494949494
20000000000,200,12063428.182377825,4950,4950,100.0,1073014.3125,25970816.50037463,100,1384,9.372121212121213
20000000000,225,12498623.387126355,4753,4950,96.02020202020202,1073014.3125,27759656.48744408,100,1359,9.861771512728803
20000000000,250,12742776.914319461,4753,4950,96.02020202020202,1073014.3125,27892531.935670447,100,1334,9.919208920681674
25000000000,0,10560261.278010095,4950,4950,100.0,1071695.3125,22661721.777447842,100,1584,7.892323232323232
25000000000,25,10638548.158689681,4950,4950,100.0,1071695.3125,22661721.777447842,100,1559,8.0210101010101
25000000000,50,10704589.088695563,4950,4950,100.0,1071695.3125,22850019.538718663,100,1534,8.105252525252526
25000000000,75,10852871.486437023,4950,4950,100.0,1071695.3125,23029405.15459513,100,1509,8.29919191919192
25000000000,100,11032154.427479064,4950,4950,100.0,1071695.3125,23711608.874931548,100,1484,8.475353535353536
25000000000,125,11149047.41944819,4950,4950,100.0,1071695.3125,24467956.03806451,100,1459,8.59131313131313
25000000000,150,11380634.136886217,4950,4950,100.0,1071695.3125,24467956.03806451,100,1434,8.852121212121212
25000000000,175,11621170.32387863,4950,4950,100.0,1071695.3125,25959100.249050755,100,1409,9.074949494949495
25000000000,200,11776440.171730177,4950,4950,100.0,1071695.3125,26146945.124050755,100,1384,9.232121212121212
25000000000,225,11975559.80479035,4851,4950,98.0,1071695.3125,27176144.12383392,100,1359,9.420531849103277
25000000000,250,13077057.38955648,4753,4950,96.02020202020202,1071695.3125,36039178.090139225,100,1334,10.212918156953503
40000000000,0,10571366.210701505,4950,4950,100.0,1041792.90625,22685520.62229883,100,1584,7.88
40000000000,25,10664497.005309282,4950,4950,100.0,1041792.90625,22685520.62229883,100,1559,8.055555555555555
40000000000,50,10791180.035343625,4950,4950,100.0,1041792.90625,22685520.62229883,100,1534,8.19878787878788
40000000000,75,10955030.383211121,4950,4950,100.0,1041792.90625,23073709.42098114,100,1509,8.388686868686868
40000000000,100,11138762.71971406,4950,4950,100.0,1041792.90625,23344339.418594886,100,1484,8.574949494949495
40000000000,125,11260522.445251398,4950,4950,100.0,1041792.90625,23501528.276142657,100,1459,8.774343434343434
40000000000,150,11433500.341714485,4950,4950,100.0,1041792.90625,25963820.49689825,100,1434,8.925656565656565
40000000000,175,11685748.20267,4851,4950,98.0,1041792.90625,26053138.368299436,100,1409,9.125541125541126
40000000000,200,12084558.372049263,4851,4950,98.0,1041792.90625,26876498.68532268,100,1384,9.267367553081838
40000000000,225,12370378.304960182,4851,4950,98.0,1041792.90625,27025108.836020745,100,1359,9.613687899402185
40000000000,250,12789732.370415352,4851,4950,98.0,1041792.90625,27487350.907118645,100,1334,9.921047206761493
45000000000,0,10600680.93771874,4950,4950,100.0,1040168.1875,22675201.89433287,100,1584,7.9228282828282826
45000000000,25,10684496.35520124,4950,4950,100.0,1040168.1875,22675201.89433287,100,1559,8.073939393939394
45000000000,50,10813901.900031572,4950,4950,100.0,1040168.1875,22907378.838729784,100,1534,8.236969696969696
45000000000,75,10971119.656290429,4950,4950,100.0,1040168.1875,23054694.63619586,100,1509,8.374747474747474
45000000000,100,11170706.549912693,4950,4950,100.0,1040168.1875,25106245.66669485,100,1484,8.571313131313131
45000000000,125,11349219.267585076,4950,4950,100.0,1040168.1875,25141831.126213506,100,1459,8.761818181818182
45000000000,150,11556649.931455728,4950,4950,100.0,1040168.1875,26323051.687513474,100,1434,8.938585858585858
45000000000,175,11831317.31473953,4851,4950,98.0,1040168.1875,26921453.25195661,100,1409,9.027623170480313
45000000000,200,11985422.246742122,4851,4950,98.0,1040168.1875,26921453.25195661,100,1384,9.062049062049063
45000000000,225,12208600.344248664,4851,4950,98.0,1040168.1875,27158319.748711467,100,1359,9.280560709132137
45000000000,250,12522885.712463737,4753,4950,96.02020202020202,1040168.1875,27158319.748711467,100,1334,9.61161371765201
75000000000,0,10597080.122477623,4950,4950,100.0,1019777.40625,22509664.688763775,100,1584,7.900808080808081
75000000000,25,10695328.194181507,4950,4950,100.0,1019777.40625,22509664.688763775,100,1559,8.034343434343434
75000000000,50,10792873.304046798,4950,4950,100.0,1019777.40625,22509664.688763775,100,1534,8.175151515151516
75000000000,75,10945394.987097412,4950,4950,100.0,1019777.40625,23743419.511827417,100,1509,8.343636363636364
75000000000,100,11111149.166191733,4950,4950,100.0,1019777.40625,24002175.44040582,100,1484,8.527070707070708
75000000000,125,11327920.66993683,4950,4950,100.0,1019777.40625,26507125.218986634,100,1459,8.72949494949495
75000000000,150,11545600.997798434,4950,4950,100.0,1019777.40625,26507125.218986634,100,1434,8.973939393939395
75000000000,175,11745489.490855405,4950,4950,100.0,1019777.40625,26955351.66621561,100,1409,9.168888888888889
75000000000,200,12272275.754712345,4950,4950,100.0,1019777.40625,28023271.973675136,100,1384,9.492929292929293
75000000000,225,12894061.517235685,4950,4950,100.0,1019777.40625,29204685.198509596,100,1359,10.003636363636364
75000000000,250,13870745.326638045,4851,4950,98.0,1019777.40625,30449025.14601486,100,1334,10.520717377860235
80000000000,0,10600141.165103577,4950,4950,100.0,1022009.65625,22520436.864526164,100,1584,7.882020202020202
80000000000,25,10719713.453888202,4950,4950,100.0,1022009.65625,22520436.864526164,100,1559,8.033939393939393
80000000000,50,10812824.919159994,4950,4950,100.0,1022009.65625,22897388.1304791,100,1534,8.165454545454546
80000000000,75,10970544.593617696,4950,4950,100.0,1022009.65625,23142778.417416587,100,1509,8.296161616161616
80000000000,100,11055027.846486337,4950,4950,100.0,1022009.65625,23479788.456832226,100,1484,8.414747474747475
80000000000,125,11290894.384324616,4950,4950,100.0,1022009.65625,24246232.800935462,100,1459,8.614949494949496
80000000000,150,11471435.50998508,4950,4950,100.0,1022009.65625,24324971.477951612,100,1434,8.83030303030303
80000000000,175,11787489.503830785,4950,4950,100.0,1022009.65625,25817385.897211142,100,1409,9.176161616161616
80000000000,200,12044452.686104992,4950,4950,100.0,1022009.65625,25817385.897211142,100,1384,9.348888888888888
80000000000,225,12678731.343745431,4950,4950,100.0,1022009.65625,28758784.899640348,100,1359,9.848080808080809
80000000000,250,13856068.379405908,4950,4950,100.0,1022009.65625,32546255.93004728,100,1334,10.502222222222223
60000000000,0,10558572.23253023,4950,4950,100.0,1037364.75,22671778.848755393,100,1584,7.882626262626262
60000000000,25,10639051.646635942,4950,4950,100.0,1037364.75,22671778.848755393,100,1559,7.97010101010101
60000000000,50,10759814.130558914,4950,4950,100.0,1037364.75,22671778.848755393,100,1534,8.147878787878788
60000000000,75,10840114.129920809,4950,4950,100.0,1037364.75,23472211.174693204,100,1509,8.25010101010101
60000000000,100,10995379.78363924,4950,4950,100.0,1037364.75,25115069.2579132,100,1484,8.431919191919192
60000000000,125,11174093.273736386,4950,4950,100.0,1037364.75,25987649.099221554,100,1459,8.597979797979798
60000000000,150,11397250.366315609,4950,4950,100.0,1037364.75,26552373.100076582,100,1434,8.795151515151515
60000000000,175,11575654.65640511,4950,4950,100.0,1037364.75,26552373.100076582,100,1409,8.920808080808081
60000000000,200,11820164.092388012,4950,4950,100.0,1038192.75,27131669.350338347,100,1384,9.038585858585858
60000000000,225,11973730.84511623,4950,4950,100.0,1038192.75,28678448.090331543,100,1359,9.204242424242425
60000000000,250,12369540.065220729,4851,4950,98.0,1038192.75,27734123.283369243,100,1334,9.50587507730365
55000000000,0,10576965.757298851,4950,4950,100.0,1034067.34375,22668315.35030292,100,1584,7.897979797979798
55000000000,25,10651574.216074929,4950,4950,100.0,1034067.34375,22668315.35030292,100,1559,7.9793939393939395
55000000000,50,10755942.004532186,4950,4950,100.0,1034067.34375,22841895.693306085,100,1534,8.127070707070708
55000000000,75,10928389.214700293,4950,4950,100.0,1034067.34375,22841895.693306085,100,1509,8.356161616161616
55000000000,100,11083072.33958491,4950,4950,100.0,1051155.59375,25124418.31808599,100,1484,8.482626262626262
55000000000,125,11197771.80068528,4950,4950,100.0,1051155.59375,25124418.31808599,100,1459,8.622222222222222
55000000000,150,11435615.42267183,4950,4950,100.0,1051155.59375,26025295.61508751,100,1434,8.780606060606061
55000000000,175,11610720.919254217,4950,4950,100.0,1051155.59375,26567141.391053308,100,1409,8.915353535353535
55000000000,200,11948778.843308104,4851,4950,98.0,1051155.59375,27075960.484252047,100,1384,9.16120387548959
55000000000,225,12194057.621406637,4753,4950,96.02020202020202,1051155.59375,27075960.484252047,100,1359,9.290763728171681
55000000000,250,12760645.96423167,4753,4950,96.02020202020202,1051155.59375,28092644.64221174,100,1334,9.711129812749842
85000000000,0,10561935.957271414,4950,4950,100.0,1027566.46875,22535904.158042602,100,1584,7.838383838383838
85000000000,25,10642883.915689271,4950,4950,100.0,1027566.46875,22535904.158042602,100,1559,7.957171717171717
85000000000,50,10755394.442239063,4950,4950,100.0,1027566.46875,22535904.158042602,100,1534,8.063636363636364
85000000000,75,10880479.862344753,4950,4950,100.0,1027566.46875,22946287.067867875,100,1509,8.258989898989899
85000000000,100,11030360.07244565,4950,4950,100.0,1027566.46875,23111135.17838069,100,1484,8.426060606060606
85000000000,125,11261937.979196137,4950,4950,100.0,1027566.46875,24316949.09288419,100,1459,8.682222222222222
85000000000,150,11497625.401521986,4950,4950,100.0,1027566.46875,25228408.365395263,100,1434,8.866868686868687
85000000000,175,11638556.143776909,4950,4950,100.0,1027566.46875,25228408.365395263,100,1409,8.99979797979798
85000000000,200,11844971.894201797,4950,4950,100.0,1027566.46875,25524817.45149973,100,1384,9.117575757575757
85000000000,225,12171443.82168751,4950,4950,100.0,1027566.46875,27962391.356769796,100,1359,9.428484848484848
85000000000,250,12554126.546722606,4950,4950,100.0,1027566.46875,27962391.356769796,100,1334,9.914343434343435
70000000000,0,10605592.866239646,4950,4950,100.0,1021107.71875,22687178.759825755,100,1584,7.913131313131313
70000000000,25,10697507.061865162,4950,4950,100.0,1021107.71875,22687178.759825755,100,1559,8.043636363636363
70000000000,50,10831520.859388843,4950,4950,100.0,1021107.71875,22687178.759825755,100,1534,8.177171717171717
70000000000,75,10918355.502770966,4950,4950,100.0,1021107.71875,23752715.490550168,100,1509,8.304646464646465
70000000000,100,11163836.598539444,4950,4950,100.0,1021107.71875,25231381.92853509,100,1484,8.607070707070706
70000000000,125,11345761.62472054,4950,4950,100.0,1021107.71875,26197663.169307664,100,1459,8.733131313131313
70000000000,150,11626551.497506335,4950,4950,100.0,1021107.71875,26447152.924371123,100,1434,8.996161616161617
70000000000,175,11788142.39189424,4950,4950,100.0,1021107.71875,26447152.924371123,100,1409,9.114141414141415
70000000000,200,12277930.541129807,4950,4950,100.0,1021107.71875,27158843.703250855,100,1384,9.452525252525252
70000000000,225,12714627.807010267,4851,4950,98.0,1021107.71875,30824553.184168212,100,1359,9.895073180787467
70000000000,250,13383361.262982216,4851,4950,98.0,1021107.71875,31497461.23537871,100,1334,10.335394763966192
65000000000,0,10568579.965069754,4950,4950,100.0,1027274.875,22679871.415444463,100,1584,7.874747474747474
65000000000,25,10674247.188913932,4950,4950,100.0,1027274.875,22679871.415444463,100,1559,8.043030303030303
65000000000,50,10808805.669316273,4950,4950,100.0,1027274.875,22679871.415444463,100,1534,8.194949494949494
65000000000,75,10945115.513414895,4950,4950,100.0,1027274.875,25194707.791697573,100,1509,8.355151515151515
65000000000,100,11101059.412849441,4950,4950,100.0,1027274.875,25194707.791697573,100,1484,8.536767676767676
65000000000,125,11297275.648906706,4950,4950,100.0,1027274.875,26169360.024867605,100,1459,8.721414141414142
65000000000,150,11440892.314932207,4950,4950,100.0,1027274.875,26169360.024867605,100,1434,8.895555555555555
65000000000,175,11630888.96336725,4950,4950,100.0,1027274.875,26365970.020566665,100,1409,9.115757575757575
65000000000,200,11927462.947762763,4950,4950,100.0,1027274.875,27115989.023815345,100,1384,9.241010101010101
65000000000,225,12248157.035288,4950,4950,100.0,1027274.875,28870105.32260334,100,1359,9.464242424242425
65000000000,250,12849085.299523234,4851,4950,98.0,1027274.875,30789787.015638385,100,1334,10.013605442176871
50000000000,0,10572059.880442854,4950,4950,100.0,1035550.53125,22669462.1143521,100,1584,7.891111111111111
50000000000,25,10639636.944721136,4950,4950,100.0,1035550.53125,22669462.1143521,100,1559,8.002222222222223
50000000000,50,10778412.979430772,4950,4950,100.0,1035550.53125,22669462.1143521,100,1534,8.196363636363637
50000000000,75,10905378.15618216,4950,4950,100.0,1035550.53125,22872862.13294857,100,1509,8.332121212121212
50000000000,100,11069671.670995131,4950,4950,100.0,1043303.46875,25114569.308665562,100,1484,8.462020202020202
50000000000,125,11245258.091392057,4950,4950,100.0,1043303.46875,25114569.308665562,100,1459,8.692323232323233
50000000000,150,11441641.016003637,4950,4950,100.0,1043303.46875,25978441.044750195,100,1434,8.883434343434343
50000000000,175,11568654.102276364,4950,4950,100.0,1043303.46875,25978441.044750195,100,1409,8.968282828282828
50000000000,200,11903937.38552055,4851,4950,98.0,1043303.46875,26511771.355936382,100,1384,9.239332096474953
50000000000,225,12133892.92641446,4753,4950,96.02020202020202,1043303.46875,26636189.401789676,100,1359,9.314117399537134
50000000000,250,12334430.825754192,4753,4950,96.02020202020202,1043303.46875,26925010.393813778,100,1334,9.522617294340417
95000000000,0,10583865.414363299,4950,4950,100.0,1052810.9375,22242912.307612572,100,1584,7.862020202020202
95000000000,25,10684797.089989413,4950,4950,100.0,1052810.9375,22357253.03774345,100,1559,7.956969696969697
95000000000,50,10785666.10596006,4950,4950,100.0,1052810.9375,22394334.699864924,100,1534,8.09010101010101
95000000000,75,10911009.719920842,4950,4950,100.0,1052810.9375,22998507.123649217,100,1509,8.242222222222223
95000000000,100,10993458.711953826,4950,4950,100.0,1052810.9375,23000643.093047604,100,1484,8.345656565656565
95000000000,125,11085006.506646315,4950,4950,100.0,1052810.9375,23695814.57303548,100,1459,8.492929292929293
95000000000,150,11313975.409445485,4950,4950,100.0,1052810.9375,24608446.695992395,100,1434,8.791515151515151
95000000000,175,11680114.207949374,4950,4950,100.0,1052810.9375,24608446.695992395,100,1409,9.151313131313131
95000000000,200,11982979.068844784,4950,4950,100.0,1052810.9375,25175616.660543125,100,1384,9.46949494949495
95000000000,225,12330932.555665081,4950,4950,100.0,1052810.9375,26130910.076662406,100,1359,9.77050505050505
95000000000,250,12675614.257154161,4950,4950,100.0,1052810.9375,26961663.033185195,100,1334,9.961616161616162
90000000000,0,10568990.630749954,4950,4950,100.0,1037880.25,22556112.48697414,100,1584,7.8397979797979795
90000000000,25,10675050.797133844,4950,4950,100.0,1037880.25,22556112.48697414,100,1559,7.934343434343434
90000000000,50,10779974.946053423,4950,4950,100.0,1037880.25,22556112.48697414,100,1534,8.064040404040403
90000000000,75,10860085.561040344,4950,4950,100.0,1037880.25,22556112.48697414,100,1509,8.211313131313132
90000000000,100,10994208.164248558,4950,4950,100.0,1037880.25,23104807.07628241,100,1484,8.357777777777779
90000000000,125,11142005.023696741,4950,4950,100.0,1037880.25,23485454.033473205,100,1459,8.528686868686869
90000000000,150,11222106.193060707,4950,4950,100.0,1037880.25,23501907.159514256,100,1434,8.616969696969697
90000000000,175,11796954.48741056,4950,4950,100.0,1037880.25,25995785.415666405,100,1409,9.168080808080807
90000000000,200,11900165.62191982,4950,4950,100.0,1037880.25,26525856.790065456,100,1384,9.29010101010101
90000000000,225,12168319.467552688,4950,4950,100.0,1037880.25,26525856.790065456,100,1359,9.544444444444444
90000000000,250,13062414.315047383,4950,4950,100.0,1037880.25,31230345.892566565,100,1334,10.180202020202021
130000000000,0,10597530.07489364,4950,4950,100.0,1047269.65625,22232732.41418991,100,1584,7.884848484848485
130000000000,25,10732624.577298954,4950,4950,100.0,1047269.65625,22365476.85719091,100,1559,8.013939393939394
130000000000,50,10815257.290591314,4950,4950,100.0,1047269.65625,22427186.39146214,100,1534,8.153131313131313
130000000000,75,10887032.082310922,4950,4950,100.0,1047269.65625,23478384.235075723,100,1509,8.212323232323232
130000000000,100,11053828.213124359,4950,4950,100.0,1047269.65625,23478384.235075723,100,1484,8.366262626262627
130000000000,125,11177815.410215145,4950,4950,100.0,1047269.65625,23478384.235075723,100,1459,8.444040404040404
130000000000,150,11374418.783544695,4950,4950,100.0,1047269.65625,23831737.67996591,100,1434,8.663838383838383
130000000000,175,11576863.808941957,4950,4950,100.0,1047269.65625,24660598.422104277,100,1409,8.891919191919191
130000000000,200,11860650.99134426,4950,4950,100.0,1050567.25,28794876.51035306,100,1384,9.121818181818181
130000000000,225,12219746.740625111,4950,4950,100.0,1050567.25,28794876.51035306,100,1359,9.416767676767677
130000000000,250,12399375.106003338,4950,4950,100.0,1050567.25,31048217.003035054,100,1334,9.591111111111111
120000000000,0,10600577.65628996,4950,4950,100.0,1046354.34375,22214547.4724121,100,1584,7.911111111111111
120000000000,25,10722834.429040952,4950,4950,100.0,1046354.34375,23040050.894655596,100,1559,8.052525252525253
120000000000,50,10791307.635888526,4950,4950,100.0,1046354.34375,23495145.748194292,100,1534,8.132121212121213
120000000000,75,10869377.802261468,4950,4950,100.0,1046354.34375,23495145.748194292,100,1509,8.25030303030303
120000000000,100,10990585.601836948,4950,4950,100.0,1046354.34375,23495145.748194292,100,1484,8.396767676767677
120000000000,125,11247979.397162145,4950,4950,100.0,1053268.6875,23745667.73873462,100,1459,8.606060606060606
120000000000,150,11468147.076690303,4950,4950,100.0,1053268.6875,23745667.73873462,100,1434,8.777575757575757
120000000000,175,11672748.03034131,4950,4950,100.0,1053268.6875,23745667.73873462,100,1409,8.926262626262627
120000000000,200,11945774.337458711,4950,4950,100.0,1053268.6875,25189042.180121735,100,1384,9.188686868686869
120000000000,225,12210673.064253435,4950,4950,100.0,1059788.5,34469995.56868851,100,1359,9.336969696969698
120000000000,250,12590846.15294277,4851,4950,98.0,1059788.5,34469995.56868851,100,1334,9.603793032364461
115000000000,0,10599039.653373726,4950,4950,100.0,1044141.0625,22170482.15296767,100,1584,7.878383838383838
115000000000,25,10676193.381476248,4950,4950,100.0,1044141.0625,22520659.26769564,100,1559,7.974545454545455
115000000000,50,10782832.929488761,4950,4950,100.0,1044141.0625,23035004.314502373,100,1534,8.105454545454545
115000000000,75,10927454.879012842,4950,4950,100.0,1044141.0625,23940050.645790413,100,1509,8.246464646464647
115000000000,100,11040790.884412488,4950,4950,100.0,1044141.0625,24304523.40376237,100,1484,8.356565656565657
115000000000,125,11243771.814088907,4950,4950,100.0,1044141.0625,24304523.40376237,100,1459,8.587070707070707
115000000000,150,11398351.64719891,4950,4950,100.0,1044141.0625,24647948.154477887,100,1434,8.726060606060607
115000000000,175,11615957.85974592,4950,4950,100.0,1044141.0625,29155402.10239509,100,1409,8.922020202020201
115000000000,200,11833519.203333033,4950,4950,100.0,1044141.0625,29947645.599984087,100,1384,9.127272727272727
115000000000,225,12300623.550858457,4950,4950,100.0,1044141.0625,30542036.90495449,100,1359,9.428282828282828
115000000000,250,12562121.913249921,4950,4950,100.0,1044141.0625,30542036.90495449,100,1334,9.706060606060607
105000000000,0,10578925.656365344,4950,4950,100.0,1040062.53125,22217409.870987296,100,1584,7.881212121212121
105000000000,25,10673387.31627857,4950,4950,100.0,1040062.53125,22351625.3516103,100,1559,7.966868686868687
105000000000,50,10777986.640860163,4950,4950,100.0,1040062.53125,22572139.97755384,100,1534,8.097979797979798
105000000000,75,10874473.855084501,4950,4950,100.0,1040062.53125,22976582.78996671,100,1509,8.260808080808081
105000000000,100,11001701.612775719,4950,4950,100.0,1040062.53125,23552718.851535603,100,1484,8.366262626262627
105000000000,125,11079401.42067843,4950,4950,100.0,1040062.53125,23552718.851535603,100,1459,8.472929292929292
105000000000,150,11210296.786130745,4950,4950,100.0,1040062.53125,23552718.851535603,100,1434,8.643434343434343
105000000000,175,11511968.945011383,4950,4950,100.0,1040062.53125,24148996.77757917,100,1409,9.007272727272728
105000000000,200,11870693.952463992,4950,4950,100.0,1040062.53125,25726046.32260712,100,1384,9.325858585858587
105000000000,225,11999994.106619783,4851,4950,98.0,1040062.53125,25967849.587186962,100,1359,9.40424654710369
105000000000,250,12442734.769983906,4851,4950,98.0,1040062.53125,26548272.3485495,100,1334,9.824366110080396
100000000000,0,10564585.485361157,4950,4950,100.0,1045166.28125,22242140.197188016,100,1584,7.864444444444445
100000000000,25,10661081.883968418,4950,4950,100.0,1045166.28125,22322167.068406932,100,1559,7.963030303030303
100000000000,50,10752330.647799589,4950,4950,100.0,1045166.28125,22530921.056908987,100,1534,8.086464646464647
100000000000,75,10891566.05372142,4950,4950,100.0,1045166.28125,23043100.240108557,100,1509,8.285252525252526
100000000000,100,10985358.740217127,4950,4950,100.0,1045166.28125,23540635.24378932,100,1484,8.373131313131314
100000000000,125,11055607.110000977,4950,4950,100.0,1045166.28125,23540635.24378932,100,1459,8.4789898989899
100000000000,150,11240258.609547364,4950,4950,100.0,1045166.28125,24107673.05461354,100,1434,8.672727272727272
100000000000,175,11571098.335944276,4950,4950,100.0,1045166.28125,25523849.606150378,100,1409,9.084848484848484
100000000000,200,11983853.829878157,4950,4950,100.0,1045166.28125,25937630.200237427,100,1384,9.422020202020201
100000000000,225,12245603.570900928,4950,4950,100.0,1045166.28125,29023518.110035963,100,1359,9.63030303030303
100000000000,250,12639852.752022306,4950,4950,100.0,1045166.28125,29626513.832975302,100,1334,9.872323232323232
125000000000,0,10621566.957435183,4950,4950,100.0,1044453.9375,22221777.159777116,100,1584,7.906666666666666
125000000000,25,10741887.177546144,4950,4950,100.0,1044453.9375,23042250.97348545,100,1559,8.038383838383838
125000000000,50,10819365.229947593,4950,4950,100.0,1044453.9375,23042250.97348545,100,1534,8.133939393939395
125000000000,75,10877189.234461091,4950,4950,100.0,1044453.9375,23496094.321300626,100,1509,8.241414141414142
125000000000,100,11004655.705085991,4950,4950,100.0,1044453.9375,23496094.321300626,100,1484,8.33959595959596
125000000000,125,11147286.267748209,4950,4950,100.0,1052865.5625,23773189.987775296,100,1459,8.504646464646465
125000000000,150,11342016.97325301,4950,4950,100.0,1052865.5625,23773189.987775296,100,1434,8.686666666666667
125000000000,175,11600667.99799929,4950,4950,100.0,1052865.5625,24376554.85865698,100,1409,8.855353535353535
125000000000,200,11842913.529083634,4950,4950,100.0,1052865.5625,25122926.473538063,100,1384,9.100808080808081
125000000000,225,12039944.534263154,4950,4950,100.0,1052865.5625,27439909.097478326,100,1359,9.222020202020202
125000000000,250,12389472.83792886,4950,4950,100.0,1052865.5625,30953624.14303387,100,1334,9.452929292929293
135000000000,0,10572857.63296259,4950,4950,100.0,1052924.6875,22161484.333120417,100,1584,7.856363636363636
135000000000,25,10687797.215699777,4950,4950,100.0,1052924.6875,22345570.6473741,100,1559,8.003636363636364
135000000000,50,10791254.78681294,4950,4950,100.0,1052924.6875,22593178.353579514,100,1534,8.121212121212121
135000000000,75,10876302.361555317,4950,4950,100.0,1052924.6875,23387541.296122797,100,1509,8.247272727272728
135000000000,100,11020304.658093262,4950,4950,100.0,1052924.6875,23387541.296122797,100,1484,8.363434343434344
135000000000,125,11128000.812692208,4950,4950,100.0,1052924.6875,23439876.88504222,100,1459,8.474141414141414
135000000000,150,11220222.748230878,4950,4950,100.0,1052924.6875,23439876.88504222,100,1434,8.525656565656565
135000000000,175,11458415.943584116,4950,4950,100.0,1052924.6875,24693168.62210679,100,1409,8.766666666666667
135000000000,200,11804078.347428715,4950,4950,100.0,1052924.6875,27459501.752901986,100,1384,8.995353535353535
135000000000,225,12053708.605293607,4950,4950,100.0,1052924.6875,28789248.414357536,100,1359,9.281212121212121
135000000000,250,12314339.146732,4950,4950,100.0,1052924.6875,30735357.862642214,100,1334,9.496767676767677
110000000000,0,10604646.138212815,4950,4950,100.0,1039719.0625,22173716.163831104,100,1584,7.894141414141414
110000000000,25,10716669.372530663,4950,4950,100.0,1039719.0625,22443067.261376154,100,1559,8.014343434343434
110000000000,50,10797762.869848829,4950,4950,100.0,1039719.0625,22988299.197740365,100,1534,8.10848484848485
110000000000,75,10920829.51621732,4950,4950,100.0,1039719.0625,23624736.820968226,100,1509,8.21979797979798
110000000000,100,11076028.427033164,4950,4950,100.0,1039719.0625,24262307.400316887,100,1484,8.404040404040405
110000000000,125,11214425.525816122,4950,4950,100.0,1039719.0625,27285286.494651273,100,1459,8.486262626262626
110000000000,150,11358187.746314064,4950,4950,100.0,1039719.0625,28738112.543857448,100,1434,8.663232323232323
110000000000,175,11647460.933100712,4950,4950,100.0,1039719.0625,30111974.01743532,100,1409,9.044444444444444
110000000000,200,11939537.848353423,4950,4950,100.0,1039719.0625,30121530.713841878,100,1384,9.319797979797979
110000000000,225,12205026.90026866,4851,4950,98.0,1039719.0625,30121530.713841878,100,1359,9.527313955885385
110000000000,250,12404359.593268247,4851,4950,98.0,1039719.0625,30653404.02432654,100,1334,9.736755308183879
140000000000,0,10558604.772763876,4950,4950,100.0,1056833.46875,22174447.24188748,100,1584,7.807070707070707
140000000000,25,10702548.47511487,4950,4950,100.0,1056833.46875,22777430.808789,100,1559,7.973131313131313
140000000000,50,10760943.585054671,4950,4950,100.0,1056833.46875,22777430.808789,100,1534,8.055555555555555
140000000000,75,10895353.95115619,4950,4950,100.0,1056833.46875,23006852.365016356,100,1509,8.216363636363637
140000000000,100,10969369.579461042,4950,4950,100.0,1056833.46875,23406327.17857561,100,1484,8.325454545454546
140000000000,125,11116185.712140221,4950,4950,100.0,1056833.46875,23406327.17857561,100,1459,8.48060606060606
140000000000,150,11341497.69512376,4950,4950,100.0,1056833.46875,23975421.644324698,100,1434,8.771717171717171
140000000000,175,11582928.222854797,4950,4950,100.0,1056833.46875,25176207.303452782,100,1409,8.966262626262626
140000000000,200,12156224.406139225,4950,4950,100.0,1056833.46875,29429824.64856464,100,1384,9.32969696969697
140000000000,225,12404767.907778673,4950,4950,100.0,1056833.46875,30365054.08071482,100,1359,9.564646464646465
140000000000,250,12583505.843967376,4950,4950,100.0,1056833.46875,31748712.229226764,100,1334,9.695151515151515
145000000000,0,10549355.003793815,4950,4950,100.0,1051272.84375,22208346.184355684,100,1584,7.830707070707071
145000000000,25,10682893.716911884,4950,4950,100.0,1051272.84375,22954010.46254739,100,1559,8.00929292929293
145000000000,50,10753890.439246194,4950,4950,100.0,1051272.84375,23008752.96254739,100,1534,8.050707070707071
145000000000,75,10859477.316026788,4950,4950,100.0,1051272.84375,23008752.96254739,100,1509,8.18969696969697
145000000000,100,10946010.484077077,4950,4950,100.0,1051272.84375,23377912.02256466,100,1484,8.277979797979798
145000000000,125,11109372.073944405,4950,4950,100.0,1051272.84375,23377912.02256466,100,1459,8.481010101010101
145000000000,150,11203226.035774525,4950,4950,100.0,1051272.84375,25137915.38274243,100,1434,8.694545454545455
145000000000,175,11456090.47550379,4950,4950,100.0,1051272.84375,25137915.38274243,100,1409,8.91979797979798
145000000000,200,11854298.096467195,4950,4950,100.0,1051272.84375,29679067.230088636,100,1384,9.26040404040404
145000000000,225,12356359.525776383,4950,4950,100.0,1051272.84375,30318949.459940884,100,1359,9.672525252525253
145000000000,250,12649503.155257378,4950,4950,100.0,1051272.84375,32566169.630916465,100,1334,9.916767676767677
160000000000,0,10382663.593109665,4950,4950,100.0,1061210.875,22263554.841773205,100,1584,7.882020202020202
160000000000,25,10680721.822247338,4950,4950,100.0,1061210.875,22894580.826868635,100,1559,7.962828282828283
160000000000,50,10837791.952098783,4950,4950,100.0,1061210.875,23031825.913309567,100,1534,8.186464646464646
160000000000,75,10909232.738423198,4950,4950,100.0,1061210.875,23031825.913309567,100,1509,8.30040404040404
160000000000,100,11002405.594433337,4950,4950,100.0,1061210.875,23031825.913309567,100,1484,8.43070707070707
160000000000,125,11094506.697068263,4950,4950,100.0,1061210.875,23031825.913309567,100,1459,8.461414141414142
160000000000,150,11172288.55959008,4950,4950,100.0,1061210.875,23333971.99731925,100,1434,8.532323232323233
160000000000,175,11263820.327781435,4950,4950,100.0,1061210.875,23453556.877429903,100,1409,8.584444444444445
160000000000,200,11496999.93344239,4950,4950,100.0,1061210.875,23788710.905090734,100,1384,8.77010101010101
160000000000,225,11761750.941796806,4950,4950,100.0,1061210.875,24342239.670354087,100,1359,9.066262626262626
160000000000,250,12020951.763230335,4950,4950,100.0,1061210.875,24719890.48866789,100,1334,9.202626262626262
180000000000,0,10541074.304855041,4950,4950,100.0,1063974.0,22418672.038988724,100,1584,7.817575757575757
180000000000,25,10621913.479522498,4950,4950,100.0,1063974.0,22912806.712207746,100,1559,7.881010101010101
180000000000,50,10738866.208044022,4950,4950,100.0,1063974.0,22912806.712207746,100,1534,8.006666666666666
180000000000,75,10853267.210948363,4950,4950,100.0,1063974.0,22912806.712207746,100,1509,8.255757575757576
180000000000,100,11065310.535423787,4950,4950,100.0,1063974.0,22914509.485864818,100,1484,8.480808080808082
180000000000,125,11190174.321478859,4950,4950,100.0,1063974.0,22914509.485864818,100,1459,8.608686868686869
180000000000,150,11413784.189082677,4950,4950,100.0,1063974.0,23665478.38953165,100,1434,8.782020202020203
180000000000,175,11509262.644801427,4950,4950,100.0,1063974.0,23665478.38953165,100,1409,8.874141414141414
180000000000,200,11971261.232952699,4950,4950,100.0,1063974.0,30368460.79095347,100,1384,9.37010101010101
180000000000,225,12233809.660472883,4950,4950,100.0,1063974.0,30368460.79095347,100,1359,9.47151515151515
180000000000,250,12389039.1601973,4950,4950,100.0,1063974.0,30368460.79095347,100,1334,9.643636363636364
165000000000,0,10561214.583352674,4950,4950,100.0,1073292.34375,22255422.893930018,100,1584,7.817373737373737
165000000000,25,10662184.633365635,4950,4950,100.0,1073292.34375,22340984.55839477,100,1559,7.973939393939394
165000000000,50,10829409.085493233,4950,4950,100.0,1073292.34375,22888431.34888753,100,1534,8.233737373737373
165000000000,75,10922847.675941775,4950,4950,100.0,1073292.34375,23039441.661891736,100,1509,8.383636363636363
165000000000,100,11013220.74896408,4950,4950,100.0,1073292.34375,23498122.172251057,100,1484,8.444646464646464
165000000000,125,11095777.838827714,4950,4950,100.0,1073292.34375,23498122.172251057,100,1459,8.5589898989899
165000000000,150,11238735.45696862,4950,4950,100.0,1073292.34375,23500833.920498513,100,1434,8.666868686868687
165000000000,175,11433545.208349973,4950,4950,100.0,1073292.34375,23963022.086607024,100,1409,8.786666666666667
165000000000,200,11608014.873343816,4950,4950,100.0,1073292.34375,24072326.554052502,100,1384,8.91010101010101
165000000000,225,11840964.640838604,4950,4950,100.0,1073292.34375,25061103.642502077,100,1359,9.085252525252525
165000000000,250,12229602.560209736,4950,4950,100.0,1073292.34375,25969417.621249575,100,1334,9.434343434343434
175000000000,0,10552387.750015533,4950,4950,100.0,1068475.75,22247027.464918014,100,1584,7.843636363636364
175000000000,25,10648422.887022216,4950,4950,100.0,1068475.75,22949685.748914763,100,1559,7.95979797979798
175000000000,50,10772906.363138309,4950,4950,100.0,1068475.75,22949685.748914763,100,1534,8.111313131313132
175000000000,75,10891717.837163918,4950,4950,100.0,1068475.75,23080939.2628371,100,1509,8.30929292929293
175000000000,100,11062930.151036922,4950,4950,100.0,1068475.75,23080939.2628371,100,1484,8.473131313131313
175000000000,125,11183601.122474506,4950,4950,100.0,1068475.75,23863295.390013598,100,1459,8.60020202020202
175000000000,150,11407700.854127545,4950,4950,100.0,1068475.75,23863295.390013598,100,1434,8.775555555555556
175000000000,175,11491340.122120706,4950,4950,100.0,1068475.75,23863295.390013598,100,1409,8.828282828282829
175000000000,200,11571291.674544645,4950,4950,100.0,1068475.75,24224726.563010927,100,1384,8.858181818181817
175000000000,225,11758831.796613967,4950,4950,100.0,1068475.75,24829158.032682754,100,1359,9.063232323232324
175000000000,250,12276462.689326568,4950,4950,100.0,1068475.75,27184664.209359232,100,1334,9.41070707070707
170000000000,0,10570598.385883186,4950,4950,100.0,1074055.875,22249928.40411074,100,1584,7.856565656565657
170000000000,25,10670962.029845543,4950,4950,100.0,1074055.875,22249928.40411074,100,1559,7.99010101010101
170000000000,50,10816045.819072017,4950,4950,100.0,1074055.875,22889595.250393804,100,1534,8.210909090909091
170000000000,75,10921210.750399755,4950,4950,100.0,1074055.875,22991945.809611,100,1509,8.383030303030303
170000000000,100,11034955.449019853,4950,4950,100.0,1074055.875,23513028.753787532,100,1484,8.482424242424242
170000000000,125,11179712.392661326,4950,4950,100.0,1074055.875,23513028.753787532,100,1459,8.570707070707071
170000000000,150,11323912.706537632,4950,4950,100.0,1074055.875,23908333.31400096,100,1434,8.66969696969697
170000000000,175,11505462.424883768,4950,4950,100.0,1074055.875,24053192.783258185,100,1409,8.813333333333333
170000000000,200,11579534.386343954,4950,4950,100.0,1074055.875,24053192.783258185,100,1384,8.892525252525253
170000000000,225,11715939.527824488,4950,4950,100.0,1074055.875,24713993.963222317,100,1359,8.955353535353535
170000000000,250,12035597.889641466,4950,4950,100.0,1074055.875,25103933.94322546,100,1334,9.296565656565656
185000000000,0,10551499.418266237,4950,4950,100.0,1063617.625,22403310.92646153,100,1584,7.820808080808081
185000000000,25,10625049.973950991,4950,4950,100.0,1063617.625,22881426.12321049,100,1559,7.865656565656566
185000000000,50,10732527.518479694,4950,4950,100.0,1063617.625,22881426.12321049,100,1534,8.015353535353535
185000000000,75,10872596.19229882,4950,4950,100.0,1063617.625,22962013.823125817,100,1509,8.185858585858586
185000000000,100,11074455.427969899,4950,4950,100.0,1063617.625,22962013.823125817,100,1484,8.488888888888889
185000000000,125,11273526.16302102,4950,4950,100.0,1063617.625,23181267.44285011,100,1459,8.69050505050505
185000000000,150,11491153.151671046,4950,4950,100.0,1063617.625,23758341.56401918,100,1434,8.847272727272728
185000000000,175,11639389.877314694,4950,4950,100.0,1063617.625,24093282.099106506,100,1409,8.976767676767677
185000000000,200,12124440.952254431,4950,4950,100.0,1063617.625,29874452.593471523,100,1384,9.388080808080808
185000000000,225,12420573.646756599,4950,4950,100.0,1063617.625,30334409.9601455,100,1359,9.555353535353536
185000000000,250,12558434.282326711,4950,4950,100.0,1063617.625,30334409.9601455,100,1334,9.646666666666667
155000000000,0,10569009.4686643,4950,4950,100.0,1053471.8125,22274377.423392396,100,1584,7.823636363636363
155000000000,25,10699768.5574296,4950,4950,100.0,1053471.8125,22923438.22545825,100,1559,7.958181818181818
155000000000,50,10784494.49946366,4950,4950,100.0,1053471.8125,23021194.694832962,100,1534,8.096969696969698
155000000000,75,10916917.683527064,4950,4950,100.0,1053471.8125,23021194.694832962,100,1509,8.262828282828282
155000000000,100,11036610.543838212,4950,4950,100.0,1053471.8125,23021194.694832962,100,1484,8.414747474747475
155000000000,125,11108065.329953741,4950,4950,100.0,1053471.8125,23170800.93626459,100,1459,8.515353535353535
155000000000,150,11181164.334545745,4950,4950,100.0,1053471.8125,23369867.288594924,100,1434,8.639393939393939
155000000000,175,11340002.414890502,4950,4950,100.0,1053471.8125,23462301.464063816,100,1409,8.734141414141414
155000000000,200,11502235.25092487,4950,4950,100.0,1053471.8125,24275649.930461764,100,1384,8.868080808080808
155000000000,225,11757638.867507229,4950,4950,100.0,1053471.8125,24609268.61587112,100,1359,9.056363636363637
155000000000,250,12137624.396726685,4851,4950,98.0,1053471.8125,34540321.198339194,100,1334,9.294166151309009
150000000000,0,10579303.343357857,4950,4950,100.0,1050148.625,22287949.076580342,100,1584,7.824242424242424
150000000000,25,10713023.814070243,4950,4950,100.0,1050148.625,22892292.699119523,100,1559,7.983838383838384
150000000000,50,10778148.502134258,4950,4950,100.0,1050148.625,22892292.699119523,100,1534,8.067474747474748
150000000000,75,10858255.201946711,4950,4950,100.0,1050148.625,22969999.879245467,100,1509,8.201818181818181
150000000000,100,11037421.744331015,4950,4950,100.0,1050148.625,22969999.879245467,100,1484,8.39010101010101
150000000000,125,11161420.766273523,4950,4950,100.0,1050148.625,23354799.288018465,100,1459,8.523636363636363
150000000000,150,11242633.153025905,4950,4950,100.0,1050148.625,23354799.288018465,100,1434,8.632727272727273
150000000000,175,11411000.133315852,4950,4950,100.0,1050148.625,23383104.288018465,100,1409,8.783636363636363
150000000000,200,11681018.579557795,4950,4950,100.0,1050148.625,25649817.55817588,100,1384,9.066464646464647
150000000000,225,11934054.8146106,4950,4950,100.0,1050148.625,25716824.67615128,100,1359,9.296363636363637
150000000000,250,12158877.77950845,4950,4950,100.0,1050148.625,33138327.758188967,100,1334,9.446868686868687
195000000000,0,10568657.944207728,4950,4950,100.0,1062659.125,22388518.919555463,100,1584,7.816565656565657
195000000000,25,10650584.535919651,4950,4950,100.0,1062659.125,22835495.338677887,100,1559,7.892525252525252
195000000000,50,10728388.770942705,4950,4950,100.0,1062659.125,22835495.338677887,100,1534,7.997171717171717
195000000000,75,10880987.180493394,4950,4950,100.0,1062659.125,22852706.085036363,100,1509,8.195151515151515
195000000000,100,11030129.309106072,4950,4950,100.0,1073550.875,23915350.800087884,100,1484,8.391919191919191
195000000000,125,11538116.493579678,4950,4950,100.0,1073550.875,26848092.908368908,100,1459,8.883434343434343
195000000000,150,11669822.657224325,4753,4950,96.02020202020202,1073550.875,26848092.908368908,100,1434,8.90153587208079
195000000000,175,11813976.90502832,4753,4950,96.02020202020202,1073550.875,26848092.908368908,100,1409,9.043551441195035
195000000000,200,12363906.41631514,4753,4950,96.02020202020202,1073550.875,32613692.986012824,100,1384,9.549337260677467
195000000000,225,12613012.411564093,4753,4950,96.02020202020202,1073550.875,34034875.40309028,100,1359,9.759099516095098
195000000000,250,12778736.67422519,4560,4950,92.12121212121212,1073550.875,34876505.7979256,100,1334,9.938377192982456
190000000000,0,10568353.568474423,4950,4950,100.0,1066281.03125,22393972.430313453,100,1584,7.811919191919192
190000000000,25,10669510.202799764,4950,4950,100.0,1066281.03125,22855634.069048375,100,1559,7.891515151515152
190000000000,50,10739071.520952113,4950,4950,100.0,1066281.03125,22855634.069048375,100,1534,7.998383838383838
190000000000,75,10900595.19821585,4950,4950,100.0,1066281.03125,23110496.044599913,100,1509,8.185858585858586
190000000000,100,11064552.31640614,4950,4950,100.0,1066281.03125,23110496.044599913,100,1484,8.446666666666667
190000000000,125,11296207.312286885,4950,4950,100.0,1066281.03125,23371207.092620872,100,1459,8.615757575757575
190000000000,150,11392056.589134615,4753,4950,96.02020202020202,1066281.03125,24153894.48649747,100,1434,8.745003155901536
190000000000,175,11686840.324270977,4753,4950,96.02020202020202,1066281.03125,24153894.48649747,100,1409,8.958973280033662
190000000000,200,12233248.931789104,4753,4950,96.02020202020202,1066281.03125,32686629.49624912,100,1384,9.397643593519883
190000000000,225,12563129.588221118,4753,4950,96.02020202020202,1066281.03125,33145946.941828158,100,1359,9.60067325899432
190000000000,250,12673284.054416612,4753,4950,96.02020202020202,1066281.03125,34406555.0994789,100,1334,9.667157584683357
